<?xml version="1.0" encoding="UTF-8"?>
<!DOCTYPE configuration PUBLIC "-//mybatis.org//DTD Config
3.0//EN"
"http://mybatis.org/dtd/mybatis-3-config.dtd">


<configuration>
	<typeAliases>
		<typeAlias alias="Notice" type="com.travelAlone.s20230404.model.mh.Notice"/>
		<typeAlias alias="Search" type="com.travelAlone.s20230404.model.si.Search"/>
		<typeAlias alias="Inquire" type="com.travelAlone.s20230404.model.mh.Inquire"/>
		<typeAlias alias="House" type="com.travelAlone.s20230404.model.House"/>
		<typeAlias alias="Travel" type="com.travelAlone.s20230404.model.Travel"/>
		<typeAlias alias="Res" type="com.travelAlone.s20230404.model.Res"/>
		<typeAlias alias="Board" type="com.travelAlone.s20230404.model.Board"/>
		<typeAlias alias="BodImg" type="com.travelAlone.s20230404.model.BodImg"/>
		<typeAlias alias="Common" type="com.travelAlone.s20230404.model.CommonCode"/>
		<typeAlias alias="Warning" type="com.travelAlone.s20230404.model.Warning"/>
	</typeAliases>
</configuration>



